{
  "parameters": {
    "num_walks": 200,
    "walk_length": 10,
    "tp_factor": 0.007547319316293211,
    "p": 0.5,
    "q": 0.5,
    "dimension": 256,
    "window_size": 8
  },
  "results": {
    "accuracy": [
      0.9523809523809523,
      0.9521739130434783,
      0.9273504273504274,
      0.9568965517241379,
      0.9493670886075949,
      0.9565217391304348,
      0.9699570815450643,
      0.9090909090909091,
      0.9653679653679653,
      0.9551020408163265
    ],
    "auroc": [
      0.9873417721518988,
      0.9950773558368495,
      0.9751427316644709,
      0.975359696734729,
      0.9819805194805195,
      0.9858473980309423,
      0.9886991028295375,
      0.9670888055034397,
      0.9897160538769567,
      0.9918699186991871
    ],
    "aupr": [
      0.9802855647959281,
      0.9905114329172086,
      0.9570164150158396,
      0.9686935940001627,
      0.9680664837819983,
      0.9836020317072822,
      0.9793415336063621,
      0.9513781413055103,
      0.9830811202492641,
      0.9831728285006219
    ],
    "f1": [
      0.951441007620783,
      0.9524327358391614,
      0.9257805147905992,
      0.9563720124064952,
      0.9488066928464535,
      0.9559816365109371,
      0.9698985424413612,
      0.9087760724124361,
      0.9648673432356067,
      0.9545572990871842
    ]
  },
  "mean": {
    "accuracy": 0.9494208669057291,
    "auroc": 0.983812335480853,
    "aupr": 0.9745149145880179,
    "f1": 0.9488913857191019
  },
  "std": {
    "accuracy": 0.017159790524966453,
    "auroc": 0.008347450249206528,
    "aupr": 0.012084610471027905,
    "f1": 0.01731261239821285
  }
}